instnm,ZIP code,Cost of Attendance,Computer Science,Education,Chemical Engineering,Mechanical Engineering,Electrical and Computer Engineering,English Language and Literature,Biology,Mathematics and Statistics,Philosophy,Religion/Religious Studies,Psychology,Dance,Business/Commerce,History
Abilene Christian University,79699,51887,9,53,,,,10,29,6,,,45,,,1
Alabama State University,36104-0271,22110,4,63,,,,7,32,4,,,32,14,,2
Albion College,49224,62155,1,16,,,,16,33,7,1,1,31,,6,4
Alderson Broaddus University,26416-2035,42712,3,7,,,,,11,0,1,,7,,,
Allegheny College,16335-3902,65400,20,,,,,20,33,9,5,1,32,,,12
Alma College,48801-1599,55820,2,20,,,,13,25,9,2,1,19,2,,6
American University,20016-8001,67694,18,19,,,,24,31,10,6,5,54,0,,33
Amherst College,01002-5000,76750,45,,,,,31,25,38,5,2,38,,,27
Anderson University,46012-3495,45270,9,41,,5,,5,9,4,0,2,19,9,,9
Andrews University,49104,41658,5,13,,,,9,18,1,,14,23,,,1
Appalachian State University,28608,19715,70,358,,,,79,180,36,14,9,247,8,,49
Arizona State University Campus Immersion,85287,29103,463,625,164,265,,216,832,210,48,10,713,27,,109
Ashland University,44805,35828,13,80,,,,13,22,9,1,3,14,,33,7
Assumption University,01609-1296,58244,5,0,,,,29,31,15,0,,34,,,12
Auburn University,36849,32196,18,227,136,242,,53,369,53,12,,146,,,33
Auburn University at Montgomery,36117-3596,20650,14,59,,,,13,30,1,,,41,,11,3
Augsburg University,55454,54211,21,45,,,,15,35,15,2,2,51,,,8
Augustana College,61201-2296,56700,14,37,,,,12,83,7,4,5,40,,,8
Augustana University,57197-0001,48076,3,25,,,,11,49,8,1,0,20,,,12
Aurora University,60506-4892,38798,23,40,,,,15,19,10,2,0,57,,,15
Austin College,75090-4400,56557,16,,,,,19,26,7,2,1,29,,24,15
Austin Peay State University,37044,27712,16,67,,,,31,57,12,4,,97,,8,29
Averett University,24541,49636,3,17,,,,2,0,1,,0,6,,,0
Baker College,48867,21620,40,30,,9,,,,,,,30,,,
Baker University,66006-0065,44530,1,8,,,,5,13,1,0,0,11,,30,4
Baldwin Wallace University,44017-2088,50260,12,61,,,,23,26,6,1,1,26,0,,17
Ball State University,47306,24962,58,358,,,,53,136,1,6,2,134,9,160,34
Bard College at Simon's Rock,01230-9702,74264,5,,,,,2,7,3,2,,4,0,,0
Barry University,33161-6695,47398,1,20,,,,5,60,3,1,,28,,,2
Baylor University,76798,64880,47,116,,84,34,36,225,33,11,31,105,,70,43
Belhaven University,39202,36652,3,4,,,,13,10,1,0,,53,18,,14
Bellevue College,98007-6484,21296,40,,,,,,,,,,,,,
Beloit College,53511-5595,63514,8,9,,,,20,14,8,4,1,32,4,,9
Bemidji State University,56601,21490,8,121,,,,9,41,2,,,69,,,5
Benedict College,29204-1086,28000,6,0,,,,5,14,2,,,12,,,0
Benedictine College,66002-1499,46380,6,39,8,13,,10,22,11,5,,21,,,8
Benedictine University,60532-0900,50006,16,25,,,,5,53,5,2,,77,,,0
Bennington College,05201-6003,75950,4,1,,,,17,2,2,1,0,6,6,,0
Bethany College,26032,45570,4,9,,,,1,4,0,,1,26,,,3
Bethany Lutheran College,56001,38820,2,11,,,,5,7,0,,0,6,,,2
Bethune-Cookman University,32114-3099,30226,2,31,,,,8,20,2,,7,71,,,2
Binghamton University,13850-6000,28269,90,,,100,,151,277,136,14,7,306,,,82
Biola University,90639-0001,59176,18,51,,,,24,35,15,6,,106,,,12
Blackburn College,62626,33260,4,12,,,,8,10,0,,,9,,,0
Bloomfield College,7003,46811,4,7,,,,9,18,3,0,2,45,,,0
Bloomsburg University of Pennsylvania,17815,25996,18,133,,,,33,44,12,6,,74,,3,23
Bob Jones University,29614-0001,29480,9,74,,,,15,14,3,,,16,,,11
Boise State University,83725,24300,111,152,,91,,75,117,24,7,,137,,194,25
Boston College,2467,75886,65,48,,,,99,201,62,41,2,219,,,42
Boston University,2215,75002,213,87,,157,,60,125,91,36,2,263,,,36
Bowdoin College,4011,73800,22,0,,,,23,26,32,8,2,21,,,25
Bradley University,61625-0001,48990,28,67,,73,,24,25,2,2,0,48,,,8
Brandeis University,02454-9110,76141,70,7,,,,18,109,17,12,,60,,48,16
Briar Cliff University,51104,46650,3,8,,,,2,7,1,,,12,,0,6
Bridgewater College,22812-1599,53000,8,,,,,10,31,3,,,29,,,19
Bridgewater State University,2325,27476,49,315,,,,75,70,38,3,,280,6,,48
Brigham Young University-Hawaii,96762-1294,19776,20,57,,,,10,28,3,,,44,,0,4
Brigham Young University-Idaho,83460-1690,12448,45,378,,127,,105,230,14,,,200,20,,25
Brigham Young University-Provo,84602,19236,181,385,97,157,3,128,0,206,16,,317,23,38,87
Brown University,2912,77490,193,18,,,,98,81,185,13,6,56,,,71
Bryn Mawr College,19010,73540,19,,,,,33,23,28,4,1,33,,,12
Cairn University-Langhorne,19047-2990,42694,1,26,,,,6,0,,,1,13,,,0
Caldwell University,07006-6195,54155,1,20,,,,3,21,2,,,44,,,2
California Baptist University,92504-3297,50228,6,58,10,35,21,27,51,9,5,18,169,,174,14
California Institute of Technology,91125,74763,72,,9,15,,0,12,16,0,,,,,0
California Lutheran University,91360-2787,64270,42,,,,,14,74,15,4,2,100,,,10
California Polytechnic State University-San Luis Obispo,93407,28927,191,68,,308,,55,196,78,26,,124,,,64
California State Polytechnic University-Pomona,91768,28542,238,82,79,225,,75,218,95,23,,269,,,76
California State University-Bakersfield,93311-1099,25031,60,108,,,,59,76,20,7,1,230,,,37
California State University-Channel Islands,93012,28966,63,59,,,,63,126,27,,,320,,,54
California State University-Chico,95929-0150,25994,60,67,,99,,63,68,32,9,6,326,,,65
California State University-Dominguez Hills,90747-0005,24533,57,194,,,,68,86,26,2,,496,,,21
California State University-East Bay,94542,27248,140,,,,,40,140,34,4,,342,,,35
California State University-Fresno,93740,21716,46,162,,86,,95,167,32,23,,454,,,96
California State University-Fullerton,92831-3599,28043,259,516,,230,,133,211,78,19,4,709,32,,97
California State University-Long Beach,90840-0115,25258,220,0,91,193,,247,247,79,30,6,501,33,,138
California State University-Los Angeles,90032-8506,28027,119,423,,144,,107,142,37,11,,345,,,61
California State University-Monterey Bay,93955-8001,24778,173,,,,,,98,35,,,242,,,
California State University-Northridge,91330,23645,160,344,,225,,162,281,52,23,8,799,,,72
California State University-Sacramento,95819-2694,27130,239,494,,204,,125,260,54,43,,488,,,107
California State University-San Bernardino,92407-2393,24860,94,10,,,,128,151,83,14,,661,,,81
California State University-San Marcos,92096-0001,25925,161,86,,,,88,175,19,,,306,,,77
California State University-Stanislaus,95382-0299,22824,67,56,,,,50,109,35,2,,362,,,57
Calvin University,49546,50900,34,73,,,,19,32,10,1,5,41,,,5
Cameron University,73505-6377,16162,21,60,,,,7,21,6,,,38,,,5
Canisius College,14208-1098,43454,12,17,,,,11,40,2,3,0,45,,,6
Capital University,43209-2394,52176,12,59,,,,15,35,3,5,1,41,,,6
Cardinal Stritch University,53217-3985,46440,10,12,,,,2,5,3,,2,12,,13,3
Carleton College,55057,74275,58,,,,,27,60,50,6,9,39,0,,24
Carnegie Mellon University,15213-3890,74491,195,0,40,130,,22,29,197,10,,21,,,10
Carroll College,59625-0002,50838,5,13,,,,5,29,3,1,,13,,,10
Carroll University,53186,46538,14,31,,,,6,37,5,0,1,49,,,5
Carson-Newman University,37760,42234,1,54,,,,4,28,11,1,11,33,,,8
Case Western Reserve University,44106,69638,120,4,46,80,,15,62,48,3,0,47,3,,8
Cedarville University,45314-0601,42664,18,63,,45,,22,16,5,,,26,,,6
Central College,50219,53402,6,21,,,,4,33,6,1,1,12,,,3
Central Methodist University-College of Liberal Arts and Sciences,65248-1198,39750,9,38,,,,2,31,1,,,9,,23,0
Central Michigan University,48859,25368,60,275,,48,,34,49,23,4,2,261,,,26
Central Penn College,17093-0309,28830,15,,,,,,,,,,,,,
Central State University,45384-1004,19906,2,8,,,,4,21,1,,,31,,54,3
Central Washington University,98926-7501,24732,44,215,,0,,57,25,9,0,0,186,0,,25
Centre College,40422-1394,56910,10,,,,,13,27,15,1,7,53,,,12
Champlain College,5401,60940,34,19,,,,21,,0,,,20,,,
Chapman University,92866,75112,30,48,,,,55,42,16,17,1,120,30,,14
Charleston Southern University,29406-9121,41600,16,57,,,,8,38,6,,5,23,,,2
Chicago State University,60628-1598,26341,7,26,,,,4,19,1,,,66,,,2
Christian Brothers University,38104,47330,12,3,2,24,,2,15,9,1,0,29,,1,3
Christopher Newport University,23606-3072,31738,56,,,,,43,152,19,8,,150,,,34
Claflin University,29115-4498,33822,8,8,,,,6,26,1,,,48,,,3
Claremont McKenna College,91711-6400,76475,25,,,,,4,13,9,2,2,22,1,,7
Clark Atlanta University,30314-4391,39194,9,33,,,,15,53,9,1,2,73,,,2
Clark University,01610-1477,58430,18,7,,,,17,48,5,5,,75,,,15
Clarkson University,13699,70228,28,,52,164,,,30,13,,,18,,,3
Clayton  State University,30260-0285,21290,23,12,,,,17,31,6,0,,90,,28,11
Cleveland State University,44115-2214,27977,48,110,50,117,,39,86,26,5,2,215,2,,28
Coe College,52402-5092,59070,11,9,,,,7,45,7,1,0,31,,,4
Coker University,29550,43515,3,7,,,,2,10,0,,,21,3,27,3
Colby College,04901-8840,73600,20,8,,,,27,23,26,10,3,34,,,9
Colgate University,13346-1398,75015,43,18,,,,39,19,20,20,10,44,,,24
College of Our Lady of the Elms,1013,54166,1,27,,,,4,13,0,,1,17,,,3
College of Saint Benedict,56374,60028,4,31,,,,17,52,2,3,,41,,,1
College of Staten Island CUNY,10314,33053,68,79,,,,99,71,23,11,,330,,181,46
College of the Holy Cross,01610-2395,71710,13,0,,,,57,52,35,9,6,104,0,,31
College of the Ozarks,65726-0017,30764,5,41,,,,4,6,4,,,23,,,6
Colorado School of Mines,80401,36652,125,,104,313,,,,25,,,,,,
Columbia College,65216,37554,15,,,,,20,27,5,0,,119,,292,45
Columbia University in the City of New York,10027,79752,301,0,39,57,,112,64,92,47,6,90,3,,112
Concordia College at Moorhead,56562,54046,7,48,,,,13,47,17,3,2,19,,,5
Concordia University Texas,78726,48634,12,9,,,,5,19,4,,,11,,18,5
Concordia University-Ann Arbor,48105,45635,4,14,,,,1,13,1,,0,5,,5,1
Concordia University-Nebraska,68434-1556,45780,5,68,,,,6,29,4,,,21,,28,8
Concordia University-Saint Paul,55104-5494,36000,16,37,,,,9,26,9,,,57,,,2
Concordia University-Wisconsin,53097-2402,46422,7,70,,,,5,22,2,3,,9,,6,2
Connecticut College,06320-4196,74590,20,,,,,19,22,4,4,1,41,7,,21
Coppin State University,21216-3698,23805,3,26,,,,0,15,1,,,49,1,,4
Cornell College,52314-1098,60337,7,10,,,,14,6,4,3,1,33,,,6
Cornell University,14853,76258,343,0,60,153,,33,277,79,16,2,68,0,,28
Creighton University,68178,56674,14,16,,,,10,87,5,5,,69,,,12
CUNY City College,10031,30372,102,115,46,125,,117,242,52,15,,372,0,,43
CUNY Hunter College,10065,24158,115,42,,,,226,116,50,23,9,649,12,,39
CUNY Lehman College,10468,28658,81,6,,,,84,63,43,25,0,268,3,,24
CUNY Queens College,11367,29508,272,254,,,,119,83,59,15,2,602,,,79
Dallas Baptist University,75211-9299,43019,7,31,,,,6,24,4,1,,67,,,8
Dartmouth College,03755-3529,77152,93,,,,,32,52,52,13,4,53,,,39
Davenport University,49512-9396,33180,40,,,,,,,,,,,,83,
Davis & Elkins College,26241-3996,43644,4,10,,,,2,2,1,,1,8,0,,2
Delaware State University,19901,24692,15,32,,,,7,53,0,,,42,,,2
Denison University,43023,69400,20,16,,,,19,54,11,7,0,50,0,,17
DePauw University,46135-1772,66946,37,14,,,,27,18,3,5,2,24,,,8
Dickinson College,17013-2896,73879,18,15,,,,17,26,18,10,2,27,,,12
Dixie State University,84770-3876,19454,15,44,,0,,29,62,5,,,46,5,,4
Doane University,68333,50470,5,33,,,,3,20,3,0,0,8,,,7
Dominican University,60305,47541,16,13,,,,13,22,12,2,,41,,,3
Drew University,7940,58814,18,1,,,,21,27,2,6,0,38,,,8
Drexel University,19104,71657,140,23,78,189,,11,117,23,4,,94,10,0,0
Duke University,27708,77029,228,26,,90,,40,158,59,5,4,110,0,,39
Duquesne University,15282,56680,16,106,,,,32,101,17,4,,64,,6,18
Earlham College,47374-4095,61265,14,,,,,16,19,3,3,2,12,,,10
East Carolina University,27858-4353,22388,63,344,,,,48,186,26,9,,210,8,,55
Eastern Illinois University,61920,24653,1,121,,,,29,60,3,4,,100,,,20
Eastern Mennonite University,22802-2462,52900,9,1,,,,5,14,6,,2,16,,,3
Eastern Michigan University,48197,27566,53,245,,12,3,42,81,23,8,1,192,2,36,36
Eastern Nazarene College,02170-2999,42630,2,16,,,,0,22,2,,0,7,,0,7
Eckerd College,33711-4700,63572,8,,,,,10,51,3,0,4,65,,20,5
Elizabeth City State University,27909,13496,7,12,,,,5,22,5,,,12,,,6
Elmhurst University,60126-3296,52049,17,71,,,,31,32,8,2,0,97,,,14
Elon University,27244-2010,52756,32,43,,,,28,29,25,5,5,86,8,,19
Embry-Riddle Aeronautical University-Daytona Beach,32114-3900,54724,10,,,79,,,,16,,,35,,,
Emory University,30322,72604,39,2,,,,56,194,138,27,4,116,1,,33
Endicott College,1915,53099,10,59,,,,8,,6,,,39,,,6
Fairleigh Dickinson University-Metropolitan Campus,7666,59976,17,,,,,8,31,1,0,,52,,,4
Faulkner University,36109-3390,36335,2,8,,,,5,2,2,,,31,,89,
Fayetteville State University,28301-4298,17521,21,57,,,,8,41,10,,,117,,,12
Fitchburg State University,01420-2697,25160,13,67,,,,22,49,7,,,38,,,14
Florida Institute of Technology,32901-6975,60150,25,1,31,109,,,24,14,,,45,,,
Florida Memorial University,33054-6199,30512,4,7,,,,0,10,1,,0,20,,,
Florida Southern College,33801-5698,53600,9,47,,,,10,35,7,3,3,39,7,,10
Franciscan University of Steubenville,43952-1763,40630,9,41,,,,13,26,11,18,,37,,,18
Franklin and Marshall College,17604-3003,75720,19,,,,,29,29,31,6,3,,1,,12
Franklin College,46131-2623,47414,2,18,,,,8,15,12,4,1,11,,4,7
Franklin University,43215-5399,25459,22,16,,,,,,1,,,36,,,
Frostburg State University,21532-1099,24650,19,61,,,,11,18,4,1,,74,,,6
Furman University,29613-6162,66626,12,17,,,,23,41,12,10,16,46,,,19
Gannon University,16541-0001,50488,1,14,,26,,2,36,5,4,,29,,,3
Gardner-Webb University,28017-0997,46850,18,22,,,,5,17,0,,11,67,,,4
George Mason University,22030-4444,29166,19,61,,76,,298,264,59,17,2,337,14,,82
George Washington University,20052,74160,40,,,53,,56,90,37,13,4,117,4,15,44
Georgetown University,20057-0001,76280,40,,,,,66,66,55,15,5,77,,,22
Georgia College & State University,31061,28851,12,87,,,,41,74,10,6,,82,,0,22
Georgia Southwestern State University,31709-4693,19928,11,61,,,,4,4,0,,,31,,,6
Georgia State University,30303-3083,29725,260,247,,,,107,328,41,30,3,482,,,51
Gettysburg College,17325,71850,17,2,,,,49,39,9,15,2,43,,,31
Gonzaga University,99258-0001,62250,56,22,,75,,36,88,9,9,3,81,2,297,19
Gordon College,1984,52100,11,25,,,,16,25,6,2,8,33,,,12
Goshen College,46526-4794,48890,2,8,,,,6,6,2,,,3,,8,5
Governors State University,60484,23251,41,40,,,,20,13,13,,,96,,,1
Grambling State University,71245,24703,6,44,,,,5,51,4,,,15,,,14
Grand Canyon University,85017,32100,18,1256,,61,,97,227,,,1,,7,1,87
Grinnell College,50112-1690,70746,40,,,,,23,40,29,8,3,17,,,14
Grove City College,16127-2104,30380,21,52,,62,,16,6,8,3,11,19,,,9
Gustavus Adolphus College,56082-1498,59270,9,32,,,,25,41,9,5,5,47,6,42,10
Hampden-Sydney College,23943-0128,63602,2,,,,,5,22,9,2,1,6,,,30
Hampshire College,01002-5001,68088,4,5,,,,17,1,3,7,2,16,7,,2
Hampton University,23668-0099,44291,8,9,13,,,9,75,2,,0,91,,,3
Hanover College,47243,53400,7,10,,,,12,20,4,4,,16,,,10
Harding University,72149-5615,31911,32,121,,24,,16,7,6,,,40,,,10
Harvard University,2138,73800,180,0,,19,,54,0,197,25,5,77,,,142
Harvey Mudd College,91711,79539,47,,,,,,3,7,,0,0,0,,
Hastings College,68901,45420,3,28,,,,4,18,3,0,1,12,,3,3
Hawaii Pacific University,96813,49640,30,16,,,,1,32,7,,,34,,,16
Heidelberg University,44883-2462,45400,4,28,,,,9,8,1,0,0,15,,,9
Hendrix College,72032-3080,64060,9,,,,,13,24,2,4,2,43,,,17
High Point University,27268,54720,17,53,,,,10,49,8,3,2,47,0,,9
Hiram College,44234-0067,51167,4,21,,,,7,8,0,0,0,5,,,3
Hofstra University,11549,66260,38,24,,32,,50,25,20,8,0,83,9,0,25
Hood College,21701,58450,11,13,,,,9,14,7,1,0,16,,,6
Howard University,20059-0001,45971,36,8,19,23,,13,113,6,4,,41,,,6
Humboldt State University,95521-8299,25344,48,0,,,,39,129,9,5,6,174,,,24
Huston-Tillotson University,78702-2795,24414,3,21,,,,2,11,1,,,33,,,3
Idaho State University,83209,22247,22,88,,30,,25,52,3,4,,59,1,9,15
Illinois College,62650-2299,44614,4,11,,,,18,20,3,1,1,23,,,8
Illinois Institute of Technology,60616,68262,71,,42,91,,,10,13,,,11,,,
Illinois State University,61790-1000,31124,53,677,,,,104,112,69,12,,145,,,94
Illinois Wesleyan University,61702-2900,63840,12,16,,,,15,26,10,1,1,20,,38,5
Indiana Institute of Technology,46803-1228,41976,16,10,,16,,,,,,,4,,,
Indiana University-Bloomington,47405-7000,25657,140,355,,,,77,264,88,10,8,279,21,2002,50
Indiana University-Purdue University-Indianapolis,46202-5143,23305,93,209,,175,,49,137,30,6,2,228,,522,23
Indiana University-South Bend,46615-7111,20277,20,65,,,,9,29,9,2,,28,,180,4
Indiana University-Southeast,47150,21519,25,69,,,,21,43,10,5,,81,,168,6
Inter American University of Puerto Rico-Bayamon,00957-6257,21137,29,,,16,,,38,,,,,,,
Inter American University of Puerto Rico-San German,683,18337,19,43,,,,4,104,2,,,35,,,
Iona College,10801-1890,59258,11,26,,,,12,9,3,2,0,54,,,3
Iowa State University,50011-2103,21940,124,267,128,429,,88,182,99,9,5,186,,,62
Ithaca College,14850-7002,64091,23,48,,,,52,23,5,3,,47,,,10
John Carroll University,44118-4538,59892,19,24,,,,21,62,7,14,3,59,,,8
Johnson & Wales University-Providence,02903-3703,52650,2,,,,,3,32,,,,73,,,
Juniata College,16652-2196,62125,9,16,,,,12,48,4,0,0,20,,,9
Kennesaw State University,30144,27253,240,326,,225,,71,248,30,2,,390,24,,36
Kent State University at Kent,44242-0001,26670,73,443,,,,68,134,37,6,,326,9,,42
Kettering University,48504-6214,58080,21,,26,255,,,2,2,,,,,,
Keystone College,18440-0200,41970,1,22,,,,,7,,,,22,,,
King's College,18711-0801,56174,4,23,,0,,9,13,2,3,,22,,,6
Knox College,61401-9999,60136,18,15,,,,38,29,3,2,,23,,,12
La Roche University,15237-5898,45004,10,16,,,,5,7,4,,0,20,6,,4
La Salle University,19141-1199,48800,17,21,,,,10,27,5,0,1,48,,15,7
La Sierra University,92505-8247,47883,4,0,,,,6,18,2,,5,8,,2,4
Lake Forest College,60045-2399,62850,7,11,,,,19,21,11,7,1,25,,52,7
Lake Superior State University,49783,25535,5,25,,17,,4,10,2,,,14,,11,9
Landmark College,5346,77400,2,,,,,,,,,,2,,,
Lane College,38301-4598,23680,2,14,,,,1,24,1,,2,,,,4
Lawrence Technological University,48075-1058,51846,28,,,81,,3,,2,,,3,,,
Lawrence University,54911,62166,16,6,,,,22,24,10,9,1,25,,,6
Lebanon Valley College,17003-1400,60792,1,66,,,,15,18,1,0,1,17,,,3
Lehigh University,18015,71465,108,,22,101,,16,44,24,4,1,48,,11,6
LeTourneau University,75602,45566,5,35,,52,,1,9,2,,,20,,,1
Lewis & Clark College,97219-7899,68890,10,,,,,25,33,13,5,5,66,,,7
Lewis University,60446-2200,47980,98,89,,,,10,48,6,6,1,74,,,9
Linfield University-McMinnville Campus,97128-6894,59452,4,26,,,,12,14,10,0,2,21,,,5
Lipscomb University,37204-3951,51454,1,42,,29,,21,40,7,2,,31,,,6
Long Island University,11548-1327,57218,8,61,,,,12,48,4,2,,54,3,,6
Longwood University,23909,29364,18,6,,,,21,51,9,,,54,,,34
Loras College,52004-0178,46754,4,23,,,,11,9,3,5,2,15,,0,7
Louisiana State University and Agricultural & Mechanical College,70803-2750,32962,122,464,127,163,,105,322,40,19,,168,,,64
Louisiana Tech University,71272,22341,63,63,32,78,,16,106,11,,,47,,,18
Loyola University Maryland,21210-2699,67660,19,25,,,,42,47,11,3,2,54,,0,16
Luther College,52101-1045,57885,10,17,,,,15,37,9,4,6,18,1,,7
Lyon College,72501,42450,2,4,,,,10,21,9,,,9,,,3
Madonna University,48150-1176,38600,4,8,,,,5,24,3,,0,10,3,,1
Maharishi International University,52557,28730,7,,,,,4,,0,,,,,,
Malone University,44709-3308,45900,2,17,,,,4,2,2,0,,6,,,2
Marist College,12601,61545,56,17,,,,13,65,31,3,1,149,,,10
Marywood University,18509-1598,53112,4,26,,,,8,20,0,0,1,17,,,2
Massachusetts Institute of Technology,02139-4307,73160,393,,42,145,,1,30,77,3,,,,,0
McKendree University,62254-1291,45110,9,28,,,,8,23,15,1,0,39,,,5
McNeese State University,70605,22256,37,49,0,16,,9,30,8,,,38,,,9
Mercer University,31207,53822,16,93,,,,21,70,5,6,3,61,,29,9
Meredith College,27607-5298,52670,7,4,,,,16,38,12,,1,42,8,,6
Messiah University,17055,50380,15,76,,0,,18,21,4,3,,29,5,,7
Methodist University,28311-1420,56908,4,11,,,,3,5,3,,1,9,,,4
Michigan Technological University,49931-1295,30542,70,,90,282,,4,21,19,,,12,,,0
MidAmerica Nazarene University,66062-1899,48766,1,32,,,,0,5,2,,4,14,,,0
Middle Tennessee State University,37132,23518,73,139,,,,63,138,14,7,6,243,9,48,46
Middlebury College,5753,74248,51,0,,,,21,16,26,5,7,30,1,,27
Minnesota State University Moorhead,56563,23000,16,159,,,,10,36,5,2,,56,,,3
Mississippi College,39058,35312,7,60,,,,18,65,8,,11,41,,,12
Missouri State University-Springfield,65897,21859,60,424,,,,73,121,19,6,16,229,,91,24
Monmouth College,61462-1998,51270,6,12,,,,8,8,0,0,,14,,,9
Montana State University,59717,22813,92,116,102,162,,53,99,46,8,,113,,,31
Montana Technological University,59701-8997,22808,4,,,34,,4,8,4,,,,,15,
Moravian College,18018-6650,63064,10,0,,,,13,20,5,4,0,40,,,7
Mount Holyoke College,01075-1489,69578,39,17,,,,40,44,21,6,5,47,5,,19
Mount Mercy University,52402-4797,48877,13,27,,,,4,11,2,0,1,22,,45,2
Muhlenberg College,18104,69816,13,6,,,,18,31,14,3,2,46,13,,10
Murray State University,42071-3318,23694,18,146,,,,21,49,14,,,44,,79,19
Muskingum University,43762,43208,4,24,,,,4,10,6,,,10,,2,20
New Jersey Institute of Technology,7102,38574,6,,71,195,,8,96,30,,,,,,7
New Mexico Institute of Mining and Technology,87801,22930,43,,20,77,,3,21,11,,,2,,,
North American University,77477-0000,23600,26,9,,,,,,,,,,,,
North Carolina A & T State University,27411,18487,37,66,19,67,,24,66,14,,,98,,,10
North Carolina State University at Raleigh,27695-7001,24259,232,146,132,288,,101,336,154,14,7,234,,,74
North Central College,60540,54326,23,45,,,,19,15,8,4,0,82,,,18
North Central University,55404-1391,37644,4,23,,,,3,0,1,,,3,,,
North Dakota State University-Main Campus,58108-6050,23032,84,69,,140,,17,123,25,4,,103,,,18
Northeastern Illinois University,60625-4699,30689,120,67,,,,46,85,22,2,,108,,30,29
Northeastern State University,74464-2399,18537,44,161,,,,27,16,10,,,121,,,10
Northern Arizona University,86011-4092,28150,65,573,,156,,62,435,30,12,,300,,,28
Northern Illinois University,60115-2828,28980,133,166,,123,,59,116,57,12,,181,,,38
Northwest Nazarene University,83686-5897,42990,13,21,,,,4,27,1,2,16,5,,,2
Northwestern College,51041,45900,3,42,,,,5,18,3,0,0,7,,,3
Northwestern Polytechnic University,94539,22080,6,,,,,,,,,,,,2,
Northwestern University,60208,78654,94,25,42,67,,31,77,83,16,1,136,5,0,25
Norwich University,05663-1035,60048,3,11,,29,,3,10,5,,,23,,,26
Notre Dame de Namur University,94002-1908,58564,7,,,,,6,19,,,,34,,,5
Nova Southeastern University,33314-7796,52967,8,21,,,,3,196,5,1,,75,2,2,3
Nyack College,10004,41615,3,17,,,,5,3,,,,25,,,2
Oakwood University,35896,37764,2,6,,,,4,41,9,,,12,,,3
Occidental College,90041-3392,76600,14,,,,,18,36,10,8,2,23,,,11
Ohio Dominican University,43219,46092,5,33,,,,1,13,2,2,,10,,,0
Ohio Northern University,45810-1599,49392,8,16,,41,,3,10,6,4,0,11,,,1
Ohio University-Main Campus,45701-2979,29980,47,344,43,70,,44,11,19,1,3,197,9,,57
Ohio Wesleyan University,43015-2370,63360,1,10,,,,16,10,2,1,1,21,1,,5
Oklahoma Baptist University,74804,43510,4,43,,,,4,9,5,3,4,35,,,5
Oklahoma Christian University,73013,38155,23,20,,25,,5,16,7,,,10,,7,2
Olivet Nazarene University,60914-2271,48770,3,57,,,,4,31,1,,3,22,,,6
Oregon State University,97331,27915,650,88,118,283,,48,232,66,15,3,264,,,63
Ouachita Baptist University,71998-0001,40200,2,26,,,,11,31,4,3,3,10,,,5
Pace University,10038-1598,68252,56,48,,,,31,41,3,,,52,31,28,16
Pacific University,97116,62157,4,58,,,,13,55,9,3,,24,0,,2
Palm Beach Atlantic University,33401,51066,12,19,,,,8,33,0,2,0,52,7,,8
Paul Quinn College,75241,19225,1,0,,,,0,1,0,,1,5,,,0
Philander Smith College,72202-3799,26105,1,7,,,,2,14,0,,,15,,,
Pitzer College,91711-6101,75850,9,,,,,4,6,12,1,1,28,0,,2
Plymouth State University,03264-1595,29430,19,100,,,,27,18,6,4,,53,,84,12
Point Loma Nazarene University,92106-2899,53290,8,57,,,,8,41,3,2,7,54,,,11
Pomona College,91711-6319,74480,34,,,,,9,7,28,4,5,15,0,,15
Portland State University,97201,26955,179,0,,115,,124,192,75,33,2,336,0,,52
Princeton University,08544-0070,74150,158,,26,52,,42,,37,33,8,40,,,73
Principia College,62028-9799,44150,4,14,,,,5,,0,3,2,,,,1
Providence College,02918-0001,69730,11,64,,,,33,79,13,10,,58,,,27
Purdue University Fort Wayne,46805-1499,22866,50,118,,18,,32,34,20,3,,61,,152,14
Purdue University Northwest,46323,23211,24,86,,62,,26,76,13,3,,56,,3,12
Purdue University-Main Campus,47907-2040,22882,460,253,161,376,,86,101,256,22,2,219,,,33
Quincy University,62301-2699,43100,6,20,,,,7,24,2,,,10,,,0
Radford University,24142,24445,46,146,,,,26,98,5,,,141,12,,29
Regent University,23464,30143,5,26,,,,40,,4,,0,83,,2,9
Regis University,80221-1099,55508,49,15,,,,16,29,7,7,0,33,,16,2
Rensselaer Polytechnic Institute,12180-3590,73816,255,,109,233,,,20,66,1,,6,,,
Rhode Island College,2908,24612,36,133,,,,53,19,3,1,,129,0,,28
Rhodes College,38112-1690,64573,25,13,,,,21,46,6,9,0,21,,,27
Rider University,08648-3099,63850,4,115,,,,22,19,4,1,,87,11,,13
Roanoke College,24153-3794,62943,1,10,,,,14,35,6,2,2,35,,,20
Rochester Institute of Technology,14623-5603,61474,185,,55,184,,,85,38,0,,35,,,
Rockford University,61108-2311,46254,14,39,,,,3,7,1,0,,13,2,,3
Rockhurst University,64110-2561,54515,4,13,,3,,16,35,2,4,2,40,,,2
Rocky Mountain College,59102-1796,42574,3,17,,,,3,23,1,,,11,,,6
Roger Williams University,02809-2921,56346,9,58,,28,,9,39,9,2,,72,8,,12
Roosevelt University,60605-1394,49699,28,39,,,,9,51,6,2,,99,,146,5
Rose-Hulman Institute of Technology,47803-3920,70401,72,,46,146,,,4,12,,,,,,
Rust College,38635,16700,8,19,,,,6,37,3,,,,,,
Saint Ambrose University,52803-2898,47438,15,30,,24,,10,27,3,0,,45,,0,7
Saint Anselm College,03102-1310,61550,9,32,,,,13,17,4,0,,32,,48,16
Saint Cloud State University,56301-4498,21356,49,191,,42,,22,69,18,8,,103,,14,12
Saint Edward's University,78704-6489,63940,35,31,,,,37,68,9,3,1,87,,,11
Saint Johns University,56321,59572,19,11,,,,5,29,5,2,,15,,,9
Saint Joseph's University,19131-1395,63630,13,54,,,,25,62,6,6,2,58,,,10
Saint Leo University,33574-6665,40844,34,78,,,,14,33,6,,28,245,,0,9
Saint Louis University,63103-2097,62868,18,31,,26,,22,69,7,16,0,65,,,6
Saint Martin's University,98503-7500,54560,12,7,,38,,9,27,6,,0,33,,,5
Saint Mary's University of Minnesota,55987-1399,49320,2,22,,,,5,13,0,4,5,8,0,0,3
Saint Michael's College,5439,62195,10,2,,,,27,42,14,5,1,46,,,8
Saint Norbert College,54115-2099,52014,8,63,,,,13,45,8,2,4,27,,49,5
Saint Xavier University,60655,49064,24,36,,,,4,39,2,2,2,68,,45,6
Salem State University,1970,28164,30,108,,,,56,73,6,3,,134,5,,36
San Diego State University,92182-0001,30522,206,157,,302,,102,282,98,23,4,513,8,,60
San Francisco State University,94132,26987,263,198,,97,,169,320,59,34,0,405,13,,77
San Jose State University,95192-0001,30065,162,246,49,193,,89,154,78,14,0,427,14,,48
Scripps College,91711-3905,77588,11,,,,,16,11,4,4,3,16,0,,3
Seattle Pacific University,98119-1997,61452,26,29,,18,,25,7,12,1,,64,,70,8
Seattle University,98122-4340,63921,58,0,,36,,32,38,20,7,2,73,,2,18
Seton Hill University,15601,52768,9,32,,,,9,17,5,,1,11,4,,2
Shaw University,27601,29734,7,5,,,,,6,,,,10,,,
Simpson College,50125,54008,12,20,,,,11,19,9,0,3,15,,,8
Smith College,1063,75169,37,8,,,,38,54,21,5,6,55,2,,17
Sonoma State University,94928-3609,28268,66,115,,,,78,87,41,24,,210,,,59
Southeastern Louisiana University,70402,22689,42,115,,,,21,105,7,,,81,,,21
Southern Adventist University,37315-0370,35510,13,22,,,,6,44,3,,3,13,,,7
Southern Illinois University-Carbondale,62901-4512,29567,31,253,,56,,26,49,6,3,,83,,,16
Southern Illinois University-Edwardsville,62026-1259,25921,76,103,,82,,54,134,21,8,,176,,,48
Southern Methodist University,75275-0221,76710,50,14,,79,,28,69,129,15,5,60,12,,18
Southern New Hampshire University,03106-1045,51878,129,69,,6,,583,1,139,,,1201,,,226
Southern University and A & M College,70813,23592,28,4,,18,,7,34,6,,,50,,,7
Southern Utah University,84720,20519,19,95,,11,,26,88,6,5,,91,2,,14
Southwest Baptist University,65613-2596,35898,11,49,,,,2,10,3,,0,15,,3,6
Southwest Minnesota State University,56258-5468,21282,13,104,,,,6,18,4,1,,24,,,8
Southwestern Adventist University,76059,33798,4,18,,,,2,12,0,,3,13,,,1
Southwestern College,67156-6224,47077,3,16,,,,2,5,1,,1,18,,,1
Spring Arbor University,49283-9799,42470,4,43,,,,14,5,1,4,1,15,,,1
St Olaf College,55057-1098,62880,14,23,,,,28,98,47,10,7,44,7,,17
St. Mary's University,78228,47300,14,0,,,,14,42,16,5,,45,,,6
Stanford University,94305,74570,305,,11,52,,47,63,87,15,1,46,,,30
Stetson University,32723,65698,7,34,,,,17,30,6,7,4,80,,,8
Stevens Institute of Technology,07030-5991,72034,72,,55,141,,0,9,56,,,,,,
Stockton University,08205-9441,31364,1,11,,,,37,140,27,,,165,,,28
Stonehill College,02357-6110,63540,14,43,,,,14,35,9,6,2,70,,,4
Stony Brook University,11794,27221,250,0,32,135,,73,428,385,8,0,456,,,65
Suffolk University,02108-3901,61216,21,,,,,22,48,0,3,,65,,3,11
SUNY at Albany,12222,27136,149,78,,,15,91,233,62,8,0,265,,,71
SUNY at Fredonia,14063-1136,23969,23,145,,,,16,22,4,1,,61,3,,14
SUNY Brockport,14420-2919,25382,38,94,,,,66,52,20,3,,133,14,,34
SUNY College at Oswego,13126,25507,33,142,,,30,44,64,23,7,,108,,,18
SUNY College at Plattsburgh,12901-2681,26662,37,44,,,,32,58,0,2,,89,,,24
SUNY College at Potsdam,13676-2294,25257,11,90,,,,33,38,29,2,,47,10,,26
SUNY Oneonta,13820-4015,25782,10,176,,,,24,106,10,3,,154,,,20
Sweet Briar College,24595-9998,39370,2,0,,,,7,11,5,3,,8,2,14,5
Talladega College,35160,28388,7,0,,,,2,21,1,,,11,,,0
Tarleton State University,76401-0000,22730,8,0,,14,,18,24,14,,,162,,247,17
Taylor University,46989-1001,48755,19,51,,,,29,20,7,2,,20,,,4
Tennessee State University,37209-1561,23424,47,53,,19,,11,35,6,,,59,,,4
Tennessee Technological University,38505-0001,26434,104,212,61,151,,14,89,14,,,66,,,24
Texas A & M University-College Station,77843-1248,30083,257,,221,441,,135,717,124,36,,499,,,143
Texas A&M University-San Antonio,78224,25710,13,,,,,35,63,6,,,72,,52,41
Texas Lutheran University,78155-5999,44530,6,31,,,,1,16,3,0,,15,,,5
Texas State University,78666,23791,227,,,,,164,178,71,21,,468,48,,90
Texas Wesleyan University,76105-1536,47769,13,41,,,,7,11,0,,4,29,,,7
The Catholic University of America,20064,67156,18,19,,38,,14,10,3,30,13,69,,34,17
The College of Saint Rose,12203-1490,49672,12,94,,,,8,18,2,,1,45,,,4
The College of Wooster,44691,66150,14,2,,,,22,27,26,11,4,32,,,21
The University of Findlay,45840-3653,48125,4,24,,,,5,14,4,0,0,21,,,0
The University of Montana,59812,21668,26,61,,,,51,53,15,11,,92,4,,35
The University of Tennessee-Chattanooga,37403-2598,24606,58,131,23,69,,56,102,12,,,147,,,19
The University of Tennessee-Knoxville,37996,32010,92,26,74,191,,92,223,45,18,4,271,,,65
The University of Tennessee-Martin,38238,21714,13,73,,0,,7,30,2,5,,26,,,11
The University of Texas at Arlington,76013,27280,142,69,,156,,64,266,54,12,,193,,,74
The University of Texas Rio Grande Valley,78539-2999,20946,102,,,99,,127,535,43,15,,419,3,,48
The University of the South,37383-1000,62690,9,,,,,43,32,12,5,3,35,,,27
The University of Virginia's College at Wise,24293-4400,25276,8,,,,,19,,4,,,,,27,8
The University of West Florida,32514-5750,20322,10,90,,49,,37,114,19,8,,116,,39,40
Thomas College,04901-5097,42140,9,11,,,,2,,,,,26,,,
Tougaloo College,39174,23101,2,0,,,,5,21,2,,,12,,,4
Touro College,10018,38502,34,5,,,,3,142,18,,2,259,,,1
Towson University,21252-0001,27474,137,396,,,,77,204,47,18,7,364,16,,52
Trinity Christian College,60463-0929,45025,4,54,,,,2,8,2,1,,34,,9,2
Truman State University,63501-4221,21932,40,,,,,92,90,41,,,88,,,29
Tufts University,02155-5555,76200,170,0,28,45,,38,137,30,11,3,78,,,28
Tusculum University,37743,41972,3,24,,,,7,12,1,,,21,,,2
Tuskegee University,36088-1920,40750,6,3,13,41,,7,35,6,,,21,,,4
Union University,38305-3697,54990,8,21,,5,,10,2,3,,5,13,,0,13
University at Buffalo,14260-1660,28666,236,1,80,203,,59,311,98,12,0,579,14,,54
University of Advancing Technology,85283,27142,13,,,,,,,,,,,,,
University of Alaska Fairbanks,99775,22170,2,37,,23,,19,41,4,1,,38,,,6
University of Arizona,85721-0066,30041,162,269,71,128,,101,103,113,30,7,451,28,2,54
University of Arkansas,72701,26144,86,156,88,135,,64,253,27,16,,182,,26,79
University of Arkansas-Fort Smith,72913-3649,20879,32,60,,,,20,51,4,,,40,,,12
University of Bridgeport,06604-5620,59582,11,,,0,,8,21,3,,1,51,,23,
University of California-Berkeley,94720,39376,763,,110,177,,266,214,488,89,0,236,8,,102
University of California-Davis,95616-8678,35935,295,12,130,131,,172,341,279,43,7,738,,,94
University of California-Irvine,92697,35363,794,388,68,263,,121,770,288,42,1,887,33,,67
University of California-Los Angeles,90095-1405,35793,283,5,74,137,,353,552,667,123,11,991,26,,292
University of California-Riverside,92521,35387,165,102,69,145,,217,543,217,45,6,588,8,,93
University of California-San Diego,92093,33849,429,14,105,178,,75,299,428,35,1,423,3,,75
University of California-Santa Barbara,93106,36765,143,,54,88,,189,366,470,123,19,567,26,,159
University of California-Santa Cruz,95064-1011,37297,653,1,,,,0,206,102,44,2,460,,,118
University of Central Missouri,64093,20631,67,242,,,,17,74,7,0,,54,,,11
University of Chicago,60637,81531,80,,14,,,57,122,159,40,1,78,,,56
University of Colorado Boulder,80309-0017,31034,420,8,79,292,85,134,,161,46,8,445,9,,91
University of Colorado Colorado Springs,80918,25904,83,74,,119,,54,139,24,22,,152,,,43
University of Connecticut,6269,34284,76,147,92,177,,114,240,176,9,0,406,,35,64
University of Dallas,75062-4736,59600,8,11,,,,33,33,6,7,,19,,,13
University of Dayton,45469,60900,28,133,60,195,,23,69,2,2,3,67,,,11
University of Denver,80208,70092,47,,,39,,22,65,24,6,3,103,,51,14
University of Detroit Mercy,48221-3038,42648,1,5,,12,,4,92,2,0,3,28,,,7
University of Evansville,47722,53676,9,27,,16,,12,13,16,2,,15,,0,5
University of Georgia,30602,27450,262,314,,148,,119,515,102,18,17,427,2,55,77
University of Guam,96923,13954,9,55,,,,22,35,20,4,,18,,,6
University of Hawaii at Hilo,96720-4091,20672,17,,,,,14,32,7,4,,53,,,12
University of Hawaii at Manoa,96822-2217,29823,54,174,,79,,67,157,26,11,8,177,5,,27
University of Houston-Clear Lake,77058-1002,26986,41,,,8,,28,85,33,,,124,,54,36
University of Idaho,83844-2282,21820,30,112,33,82,,30,29,35,7,,97,5,,14
University of Illinois Chicago,60607,31381,258,116,63,173,,76,409,55,7,,444,,,30
University of Illinois Springfield,62703-5407,25473,93,14,,,,22,27,9,6,,61,,,21
University of Illinois Urbana-Champaign,61820-5711,30302,291,190,143,179,,135,2,408,22,0,501,19,,76
University of Indianapolis,46227-3697,46020,11,38,,3,,14,38,12,1,1,82,,,10
University of Louisiana at Lafayette,70503,26620,60,266,66,132,,37,115,17,,,125,,,23
University of Louisiana at Monroe,71209-0000,22169,37,53,,,,24,47,5,,,153,,,20
University of Maine,4469,25604,21,141,43,85,,28,49,19,4,,78,,,21
University of Maine at Farmington,04938-9978,23132,5,118,,,,23,8,3,,,30,,,4
University of Mary,58504,30500,1,56,,3,,5,22,2,2,3,35,,,4
University of Mary Hardin-Baylor,76513-2599,42812,9,67,,,,4,9,1,,8,49,,,5
University of Maryland-Baltimore County,21250,29030,249,3,56,120,,44,338,102,15,,307,10,,54
University of Maryland-College Park,20742,27866,735,133,85,336,,146,477,176,32,0,317,15,0,83
University of Massachusetts-Amherst,1003,31793,308,24,92,189,,115,296,196,18,1,419,13,,66
University of Massachusetts-Lowell,01854-5104,31332,149,,83,199,,71,129,56,8,,206,,,23
University of Memphis,38152,26386,53,147,,44,,80,91,16,9,,177,,,53
University of Miami,33146,70906,27,22,,40,,21,118,34,9,1,125,,,17
University of Michigan-Flint,48502-1950,24310,25,30,,25,,13,43,6,2,,89,4,,8
University of Minnesota-Duluth,55812,25574,72,138,64,125,,37,141,37,9,,126,,,25
University of Minnesota-Morris,56267,24680,21,17,,,,28,53,15,3,,24,,,9
University of Minnesota-Twin Cities,55455-0213,28819,450,372,110,198,,302,340,284,37,4,576,20,,85
University of Missouri-Kansas City,64110,26421,94,61,,52,0,33,155,15,3,,115,11,271,28
University of Missouri-St Louis,63121-4400,26090,67,149,,39,,39,72,21,4,,131,,366,24
University of Nebraska at Omaha,68182-0225,22750,80,219,,,,46,116,37,7,0,119,,,24
University of Nevada-Las Vegas,89154,24721,144,234,,98,,92,208,27,18,,368,15,0,47
University of New Orleans,70148,23816,47,28,,60,,26,119,11,15,,77,,,12
University of North Carolina at Asheville,28804-8510,20555,43,,,,,34,49,13,5,4,92,,,22
University of North Carolina at Chapel Hill,27599,24228,303,97,,,,93,500,155,44,6,396,,,82
University of North Carolina at Charlotte,28223-0001,25019,538,209,,198,,111,239,106,15,16,323,22,,120
University of North Carolina at Greensboro,27402-6170,19937,61,202,,,,75,153,15,15,7,180,31,,58
University of North Carolina at Pembroke,28372-1510,17160,11,40,,,,17,106,3,,,53,,,16
University of North Carolina Wilmington,28403-5963,25350,84,167,,,,98,191,35,,,215,,,38
University of North Florida,32224-7699,21379,4,172,,66,,71,166,34,9,2,317,,,38
University of Northern Iowa,50614-0005,21294,45,494,,,,26,83,35,4,4,109,,,36
University of Northwestern-St Paul,55113-1598,44430,5,46,,,,10,28,5,1,,43,,,8
University of Oklahoma-Norman Campus,73019-3072,29741,96,156,93,150,,24,,63,15,8,288,15,,44
University of Pennsylvania,19104-6303,77264,107,,40,60,,66,147,85,149,2,62,,8,50
University of Pittsburgh-Johnstown,15904,29152,22,29,23,41,,13,28,7,,,36,,12,8
University of Pittsburgh-Pittsburgh Campus,15260,34409,198,49,97,181,,273,277,104,27,3,393,,0,72
University of Portland,97203-5798,64686,29,42,,53,,11,121,40,3,,55,,,5
University of Puerto Rico-Rio Piedras,00931-0000,19960,15,189,,,,15,247,11,2,,179,,5,24
University of Puget Sound,98416,68146,33,8,,,,22,40,14,5,6,63,,,16
University of Rio Grande,45674,43875,1,49,,,,4,2,2,,,7,,16,1
University of Rochester,14627-0011,75190,120,6,56,80,,30,220,99,14,4,176,1,,16
University of San Diego,92110-2492,70999,35,,,71,,30,78,8,9,3,76,,,18
University of San Francisco,94117-1080,71092,65,,,,,28,78,12,15,,133,,,22
University of Scranton,18510-4699,64272,14,26,,,,9,61,7,7,2,33,,,16
University of Sioux Falls,57105-1699,31140,3,33,,,,4,14,5,,,34,,,1
University of South Alabama,36688-0002,22412,54,220,31,67,,24,159,14,5,,75,,20,22
University of Southern California,90089,77459,247,1,41,96,,57,75,125,46,5,146,16,,55
University of Southern Indiana,47712,21820,36,98,,26,,31,43,14,0,,109,,,24
University of Southern Maine,4103,22782,24,14,,16,,25,44,9,6,,55,,,28
University of St Francis,60435-6188,47810,6,15,,,,4,10,3,,,17,,,7
University of St Thomas,77006-4696,45756,8,2,,0,,10,34,7,6,,37,0,,5
University of St Thomas,55105-1078,60458,33,41,,101,,24,66,17,22,19,40,,,10
University of the Pacific,95211-0197,68684,43,31,,20,,14,99,5,2,1,41,,,4
University of the Virgin Islands,00802-9990,19915,11,17,,,,3,21,8,,,16,,,
University of Tulsa,74104-3189,61247,45,4,33,73,,9,31,29,1,0,34,,1,4
University of Utah,84112-9008,23869,163,71,65,174,,116,200,105,23,5,355,42,0,62
University of Vermont,05405-0160,35220,78,126,,86,,71,99,51,15,3,121,0,,52
University of Washington-Bothell Campus,98011-8246,28715,170,80,,55,,,129,37,40,,73,,,
University of Washington-Seattle Campus,98195-4550,28394,368,251,93,124,,143,156,241,51,3,388,21,,117
University of Wisconsin-Green Bay,54311-7001,19459,34,72,,,,28,26,6,5,,124,,,29
University of Wisconsin-Milwaukee,53211,24514,66,235,,114,,97,180,27,7,13,334,9,,49
University of Wisconsin-Platteville,53818-3099,19277,2,93,,190,,6,77,9,1,,37,,,6
University of Wisconsin-River Falls,54022-5001,18333,1,173,,,,21,86,12,,,55,,,11
University of Wisconsin-Stevens Point,54481-3897,19282,2,168,9,,,36,91,32,11,,84,14,,19
University of Wyoming,82071,20258,44,207,29,65,,33,36,29,8,4,119,,,23
Ursinus College,19426-1000,70052,5,1,,,,14,48,8,2,2,28,1,,7
Valparaiso University,46383,56900,19,32,,53,,24,30,6,0,,26,,,12
Vanderbilt University,37240,73148,114,51,41,49,,33,16,34,13,2,59,,,39
Villanova University,19085-1699,73124,44,8,59,70,,35,76,38,9,1,112,,,13
Virginia Military Institute,24450-0304,32034,20,,,23,,10,38,16,,,39,,,41
Virginia State University,23806,23673,18,51,,,,5,46,7,,,61,,,7
Wagner College,10301-4495,66173,5,0,,,,4,10,6,0,,32,,,3
Wake Forest University,27106,74358,30,10,,,,41,94,53,23,4,82,,112,26
Walla Walla University,99324-1198,39495,8,19,,,,7,16,6,,4,16,,21,5
Walsh University,44720-3396,45551,6,50,,,,0,45,1,2,,23,,,2
Washington Adventist University,20912,36716,7,15,,,,2,11,0,,1,12,,,1
Washington and Lee University,24450-2116,73900,14,,,,,19,20,13,0,1,19,,,19
Washington College,21620-1438,65456,9,,,,,19,43,4,3,,35,,,12
Washington State University,99164-5910,27991,165,197,57,294,,86,212,43,16,0,415,,0,71
Washington University in St Louis,63130-4899,76910,157,10,42,104,,25,106,63,8,3,143,1,,22
Wayland Baptist University,79072,36256,1,51,,,,6,9,3,,28,8,,,1
Weber State University,84408-1031,21057,121,115,,3,,50,,14,5,,85,4,,30
Webster University,63119-3194,46632,26,29,,,,12,29,14,2,0,25,5,,5
Wells College,13026-0500,46850,1,2,,,,7,14,2,1,,14,,,3
Wentworth Institute of Technology,2115,54746,94,,,113,,,,14,,,,,,
Wesleyan University,6459,75723,27,,,,,57,20,22,17,4,110,0,,20
West Texas A & M University,79016-0001,21485,14,,,43,,17,72,5,,,51,8,53,9
West Virginia State University,25112-1000,24981,5,41,,,,7,17,4,,,21,,,15
West Virginia University,26506,23738,49,89,60,170,,47,153,16,15,,167,,72,44
West Virginia Wesleyan College,26201-2994,47307,3,29,,,,11,18,1,1,2,12,,21,6
Western Carolina University,28723-9646,18740,12,177,,,,37,89,13,10,,151,,,42
Western Michigan University,49008-5200,27071,59,160,65,78,,53,142,13,10,3,156,20,1,22
Western New England University,01119-2684,55389,9,11,,52,,10,16,4,1,,48,,13,3
Westfield State University,01086-1630,26044,22,153,,,,27,56,16,,,111,,214,21
Westminster College,84105,50276,14,13,,,,15,20,12,1,,23,3,0,4
Westminster College,16172,51000,2,18,,,,8,26,3,1,,19,,,11
Wheaton College,60187-5593,51130,14,34,,,,39,19,19,10,,28,,,14
Wheaton College,02766-2322,70664,14,11,,,,25,36,15,6,3,39,,,15
Whitworth University,99251,61088,29,44,,,,14,31,12,1,15,51,,,14
Wichita State University,67260-0124,25438,45,259,,96,,27,54,9,3,0,98,,,8
Widener University,19013-5792,65092,12,15,12,38,,6,37,4,,,60,,0,1
Willamette University,97301,67550,12,,,,,25,31,13,8,3,33,,,12
William & Mary,23187-8795,39595,68,0,,,,64,132,63,19,3,120,,,69
William Jessup University,95765-3707,52338,5,38,,,,12,18,5,,,62,,,8
William Penn University,52577,39006,2,46,,3,,1,8,1,,,24,,,2
Williams College,1267,75520,56,,,,,33,58,26,9,3,32,,,28
Winona State University,55987-5838,22304,57,248,,,,13,79,10,,,74,,,7
Winston-Salem State University,27110-0001,20512,15,50,,,,5,59,4,,,44,,,3
Wisconsin Lutheran College,53226-4699,44462,8,19,,,,8,12,3,,1,6,,,3
Wittenberg University,45504,54044,5,36,,,,23,40,9,1,1,25,0,17,8
Wofford College,29303-3663,62678,18,0,,,,21,75,14,4,2,27,,,11
Worcester Polytechnic Institute,01609-2280,69822,168,,76,235,,,38,23,,,4,,3,
Xavier University,45207-1092,58260,23,39,0,,,17,65,4,1,,46,,23,13
Xavier University of Louisiana,70125-1098,38485,9,3,,,,2,133,7,1,,46,,,6
York College of Pennsylvania,17403-3651,35675,22,62,,39,,13,47,3,3,,36,,,8
Youngstown State University,44555-0001,23563,26,129,31,58,,63,92,10,5,2,76,4,,16